,Ant routing,Flooding
30,22.0,6.733333333333333
30,22.0,6.166666666666667
30,22.0,11.366666666666667
30,22.0,5.866666666666666
30,22.0,6.733333333333333
30,22.0,7.333333333333333
30,22.0,6.066666666666666
30,22.0,8.366666666666667
30,22.0,7.5
30,22.0,5.8
30,22.0,6.566666666666666
30,22.0,6.666666666666667
30,22.0,4.833333333333333
30,22.0,6.2
30,22.0,2.8
30,22.0,7.3
30,22.0,6.066666666666666
30,22.0,11.733333333333333
30,22.0,6.6
30,22.0,8.066666666666666
